v362_id,region,cadena_productiva,tipo_empresa,herramientas_diferenciacion
30,Arica,Contenidos creativos,Empresa,Ninguna de las anteriores
72,Arica,Servicios creativos,Empresa,Registro de propiedad intelectual
97,Arica,Experiencias creativas,Empresa,Registro de propiedad intelectual
54,Antofagasta,Servicios creativos,Profesional independiente,Gestión de precios de contenidos creativos
73,Antofagasta,Experiencias creativas,Empresa,Ninguna de las anteriores
138,Atacama,Bienes creativos,Empresa,Registro de propiedad intelectual
138,Atacama,Bienes creativos,Empresa,Licenciamiento
138,Atacama,Bienes creativos,Empresa,Franquicias
8,Valparaíso,Bienes creativos,Empresa,Ninguna de las anteriores
11,Valparaíso,Servicios creativos,Empresa,Ninguna de las anteriores
12,Valparaíso,Contenidos creativos,Empresa,Registro de propiedad intelectual
12,Valparaíso,Contenidos creativos,Empresa,Licenciamiento
20,Valparaíso,Servicios creativos,Empresa,Registro de propiedad intelectual
20,Valparaíso,Servicios creativos,Empresa,Licenciamiento
20,Valparaíso,Servicios creativos,Empresa,Franquicias
21,Valparaíso,Servicios creativos,Empresa,Ninguna de las anteriores
32,Valparaíso,Experiencias creativas,Profesional independiente,Registro de propiedad intelectual
32,Valparaíso,Experiencias creativas,Profesional independiente,Gestión de precios de contenidos creativos
52,Valparaíso,Experiencias creativas,Empresa,Franquicias
52,Valparaíso,Experiencias creativas,Empresa,Gestión de precios de contenidos creativos
53,Valparaíso,Servicios creativos,Empresa,Licenciamiento
68,Valparaíso,Contenidos creativos,Profesional independiente,Ninguna de las anteriores
69,Valparaíso,Bienes creativos,Profesional independiente,Ninguna de las anteriores
71,Valparaíso,Servicios creativos,Empresa,Ninguna de las anteriores
74,Valparaíso,Contenidos creativos,Empresa,Ninguna de las anteriores
84,Valparaíso,Contenidos creativos,Empresa,Gestión de precios de contenidos creativos
92,Valparaíso,Servicios creativos,Empresa,Ninguna de las anteriores
103,Valparaíso,Contenidos creativos,Profesional independiente,Ninguna de las anteriores
113,Valparaíso,Bienes creativos,Empresa,Ninguna de las anteriores
114,Valparaíso,Servicios creativos,Empresa,Ninguna de las anteriores
117,Valparaíso,Servicios creativos,Profesional independiente,Ninguna de las anteriores
120,Valparaíso,Bienes creativos,Empresa,Registro de propiedad intelectual
120,Valparaíso,Bienes creativos,Empresa,Licenciamiento
120,Valparaíso,Bienes creativos,Empresa,Gestión de precios de contenidos creativos
126,Valparaíso,Bienes creativos,Empresa,Registro de propiedad intelectual
126,Valparaíso,Bienes creativos,Empresa,Gestión de precios de contenidos creativos
129,Valparaíso,Bienes creativos,Profesional independiente,Ninguna de las anteriores
131,Valparaíso,Servicios creativos,Empresa,Ninguna de las anteriores
135,Valparaíso,Servicios creativos,Empresa,Registro de propiedad intelectual
2,RM,Servicios creativos,Profesional independiente,Registro de propiedad intelectual
3,RM,Servicios creativos,Empresa,Registro de propiedad intelectual
3,RM,Servicios creativos,Empresa,Franquicias
3,RM,Servicios creativos,Empresa,Gestión de precios de contenidos creativos
5,RM,Contenidos creativos,Profesional independiente,Ninguna de las anteriores
7,RM,Servicios creativos,Empresa,Ninguna de las anteriores
13,RM,Servicios creativos,Empresa,Licenciamiento
13,RM,Servicios creativos,Empresa,Gestión de precios de contenidos creativos
14,RM,Servicios creativos,Empresa,Licenciamiento
15,RM,Contenidos creativos,Profesional independiente,Ninguna de las anteriores
16,RM,Contenidos creativos,Empresa,Registro de propiedad intelectual
17,RM,Bienes creativos,Empresa,Registro de propiedad intelectual
17,RM,Bienes creativos,Empresa,Licenciamiento
18,RM,Servicios creativos,Empresa,Licenciamiento
19,RM,Servicios creativos,Empresa,Registro de propiedad intelectual
22,RM,Servicios creativos,Profesional independiente,Ninguna de las anteriores
23,RM,Experiencias creativas,Empresa,Registro de propiedad intelectual
23,RM,Experiencias creativas,Empresa,Licenciamiento
23,RM,Experiencias creativas,Empresa,Gestión de precios de contenidos creativos
24,RM,Bienes creativos,Profesional independiente,Ninguna de las anteriores
25,RM,Contenidos creativos,Empresa,Registro de propiedad intelectual
26,RM,Contenidos creativos,Empresa,Registro de propiedad intelectual
26,RM,Contenidos creativos,Empresa,Licenciamiento
26,RM,Contenidos creativos,Empresa,Franquicias
26,RM,Contenidos creativos,Empresa,Gestión de precios de contenidos creativos
28,RM,Contenidos creativos,Empresa,Ninguna de las anteriores
29,RM,Servicios creativos,Empresa,Registro de propiedad intelectual
33,RM,Servicios creativos,Empresa,Gestión de precios de contenidos creativos
35,RM,Contenidos creativos,Empresa,Ninguna de las anteriores
36,RM,Contenidos creativos,Empresa,Registro de propiedad intelectual
38,RM,Contenidos creativos,Empresa,Registro de propiedad intelectual
38,RM,Contenidos creativos,Empresa,Licenciamiento
38,RM,Contenidos creativos,Empresa,Gestión de precios de contenidos creativos
42,RM,Bienes creativos,Empresa,Registro de propiedad intelectual
42,RM,Bienes creativos,Empresa,Otros
45,RM,Contenidos creativos,Profesional independiente,Ninguna de las anteriores
46,RM,Bienes creativos,Empresa,Franquicias
47,RM,Experiencias creativas,Empresa,Registro de propiedad intelectual
48,RM,Experiencias creativas,Empresa,Registro de propiedad intelectual
48,RM,Experiencias creativas,Empresa,Licenciamiento
48,RM,Experiencias creativas,Empresa,Gestión de precios de contenidos creativos
49,RM,Contenidos creativos,Empresa,Ninguna de las anteriores
50,RM,Contenidos creativos,Empresa,Registro de propiedad intelectual
55,RM,Servicios creativos,Empresa,Gestión de precios de contenidos creativos
55,RM,Servicios creativos,Empresa,Otros
56,RM,Bienes creativos,Profesional independiente,Registro de propiedad intelectual
58,RM,Contenidos creativos,Empresa,Gestión de precios de contenidos creativos
60,RM,Contenidos creativos,Empresa,Ninguna de las anteriores
62,RM,Contenidos creativos,Empresa,Registro de propiedad intelectual
63,RM,Contenidos creativos,Empresa,Ninguna de las anteriores
64,RM,Contenidos creativos,Empresa,Ninguna de las anteriores
65,RM,Experiencias creativas,Profesional independiente,Otros
78,RM,Servicios creativos,Empresa,Otros
80,RM,Contenidos creativos,Profesional independiente,Ninguna de las anteriores
83,RM,Bienes creativos,Profesional independiente,Ninguna de las anteriores
85,RM,Bienes creativos,Empresa,Registro de propiedad intelectual
86,RM,Servicios creativos,Empresa,Registro de propiedad intelectual
87,RM,Experiencias creativas,Profesional independiente,Ninguna de las anteriores
88,RM,Contenidos creativos,Empresa,Registro de propiedad intelectual
88,RM,Contenidos creativos,Empresa,Licenciamiento
89,RM,Experiencias creativas,Empresa,Ninguna de las anteriores
90,RM,Experiencias creativas,Profesional independiente,Ninguna de las anteriores
93,RM,Experiencias creativas,Profesional independiente,Ninguna de las anteriores
94,RM,Servicios creativos,Profesional independiente,Ninguna de las anteriores
96,RM,Experiencias creativas,Empresa,Registro de propiedad intelectual
98,RM,Experiencias creativas,Profesional independiente,Registro de propiedad intelectual
99,RM,Bienes creativos,Empresa,Ninguna de las anteriores
100,RM,Experiencias creativas,Empresa,Ninguna de las anteriores
101,RM,Servicios creativos,Empresa,Gestión de precios de contenidos creativos
102,RM,Experiencias creativas,Empresa,Registro de propiedad intelectual
102,RM,Experiencias creativas,Empresa,Licenciamiento
102,RM,Experiencias creativas,Empresa,Gestión de precios de contenidos creativos
105,RM,Experiencias creativas,Empresa,Registro de propiedad intelectual
106,RM,Bienes creativos,Empresa,Registro de propiedad intelectual
106,RM,Bienes creativos,Empresa,Otros
107,RM,Servicios creativos,Empresa,Ninguna de las anteriores
109,RM,Servicios creativos,Empresa,Ninguna de las anteriores
110,RM,Experiencias creativas,Empresa,Gestión de precios de contenidos creativos
112,RM,Servicios creativos,Empresa,Gestión de precios de contenidos creativos
119,RM,Servicios creativos,Empresa,Registro de propiedad intelectual
119,RM,Servicios creativos,Empresa,Gestión de precios de contenidos creativos
122,RM,Contenidos creativos,Empresa,Ninguna de las anteriores
124,RM,Experiencias creativas,Profesional independiente,Otros
125,RM,Servicios creativos,Empresa,Gestión de precios de contenidos creativos
127,RM,Experiencias creativas,Empresa,Ninguna de las anteriores
128,RM,Contenidos creativos,Empresa,Ninguna de las anteriores
130,RM,Contenidos creativos,Profesional independiente,Ninguna de las anteriores
132,RM,Bienes creativos,Empresa,Ninguna de las anteriores
133,RM,Servicios creativos,Empresa,Registro de propiedad intelectual
133,RM,Servicios creativos,Empresa,Otros
136,RM,Contenidos creativos,Empresa,Ninguna de las anteriores
139,RM,Contenidos creativos,Profesional independiente,Registro de propiedad intelectual
139,RM,Contenidos creativos,Profesional independiente,Licenciamiento
67,O'Higgins,Bienes creativos,Empresa,Ninguna de las anteriores
77,O'Higgins,Servicios creativos,Profesional independiente,Ninguna de las anteriores
43,Maule,Contenidos creativos,Empresa,Ninguna de las anteriores
70,Maule,Experiencias creativas,Empresa,Registro de propiedad intelectual
70,Maule,Experiencias creativas,Empresa,Licenciamiento
70,Maule,Experiencias creativas,Empresa,Gestión de precios de contenidos creativos
6,Bío-Bío,Contenidos creativos,Empresa,Ninguna de las anteriores
41,Bío-Bío,Experiencias creativas,Profesional independiente,Otros
61,Bío-Bío,Servicios creativos,Empresa,Registro de propiedad intelectual
61,Bío-Bío,Servicios creativos,Empresa,Licenciamiento
61,Bío-Bío,Servicios creativos,Empresa,Gestión de precios de contenidos creativos
108,Bío-Bío,Contenidos creativos,Profesional independiente,Ninguna de las anteriores
111,Bío-Bío,Bienes creativos,Empresa,Registro de propiedad intelectual
115,Bío-Bío,Servicios creativos,Empresa,Otros
118,Bío-Bío,Bienes creativos,Empresa,Gestión de precios de contenidos creativos
137,Bío-Bío,Bienes creativos,Empresa,Registro de propiedad intelectual
137,Bío-Bío,Bienes creativos,Empresa,Licenciamiento
27,La Araucanía,Contenidos creativos,Profesional independiente,Ninguna de las anteriores
37,La Araucanía,Experiencias creativas,Empresa,Gestión de precios de contenidos creativos
40,La Araucanía,Contenidos creativos,Profesional independiente,Ninguna de las anteriores
44,La Araucanía,Contenidos creativos,Profesional independiente,Registro de propiedad intelectual
44,La Araucanía,Contenidos creativos,Profesional independiente,Gestión de precios de contenidos creativos
66,La Araucanía,Bienes creativos,Empresa,Registro de propiedad intelectual
81,La Araucanía,Bienes creativos,Profesional independiente,Ninguna de las anteriores
116,La Araucanía,Servicios creativos,Profesional independiente,Registro de propiedad intelectual
121,La Araucanía,Experiencias creativas,Profesional independiente,Ninguna de las anteriores
39,Los Ríos,Experiencias creativas,Empresa,Ninguna de las anteriores
75,Los Ríos,Bienes creativos,Empresa,Otros
82,Los Ríos,Bienes creativos,Empresa,Otros
134,Los Lagos,Experiencias creativas,Empresa,Gestión de precios de contenidos creativos
4,Aysén,Bienes creativos,Empresa,Ninguna de las anteriores
51,Aysén,Bienes creativos,Empresa,Registro de propiedad intelectual
51,Aysén,Bienes creativos,Empresa,Licenciamiento
51,Aysén,Bienes creativos,Empresa,Gestión de precios de contenidos creativos
95,Aysén,Servicios creativos,Empresa,Ninguna de las anteriores
123,Aysén,Bienes creativos,Empresa,Otros
10,Magallanes,Contenidos creativos,Empresa,Ninguna de las anteriores
59,Magallanes,Servicios creativos,Empresa,Registro de propiedad intelectual
59,Magallanes,Servicios creativos,Empresa,Gestión de precios de contenidos creativos
59,Magallanes,Servicios creativos,Empresa,Otros
79,Magallanes,Bienes creativos,Empresa,Otros
91,Magallanes,Bienes creativos,Empresa,Registro de propiedad intelectual
91,Magallanes,Bienes creativos,Empresa,Licenciamiento
91,Magallanes,Bienes creativos,Empresa,Franquicias
91,Magallanes,Bienes creativos,Empresa,Gestión de precios de contenidos creativos
91,Magallanes,Bienes creativos,Empresa,Otros
9,Extranjero,Servicios creativos,Profesional independiente,Ninguna de las anteriores
31,Extranjero,Experiencias creativas,Profesional independiente,Registro de propiedad intelectual
31,Extranjero,Experiencias creativas,Profesional independiente,Licenciamiento
31,Extranjero,Experiencias creativas,Profesional independiente,Franquicias
31,Extranjero,Experiencias creativas,Profesional independiente,Gestión de precios de contenidos creativos
57,Extranjero,Contenidos creativos,Profesional independiente,Registro de propiedad intelectual
